{"cameraMode":{"drawMode":2,"name":"Shaded Wireframe","section":"Shading Mode"},"sceneLighting":false,"audioPlay":false,"sceneViewState":{"m_AlwaysRefresh":false,"showFog":false,"showSkybox":false,"showFlares":false,"showImageEffects":false,"showParticleSystems":false,"showVisualEffectGraphs":true,"m_FxEnabled":true},"in2DMode":false,"pivot":{"x":0.24411237239837647,"y":1.1342847347259522,"z":0.06887906789779663},"rotation":{"x":0.1407567262649536,"y":-0.034154362976551059,"z":0.004858050961047411,"w":0.9894474148750305},"size":0.8660253882408142,"orthographic":false}